Metric,Value
AUC,0.6879041212259726
Gini,0.3758082424519451
Accuracy,0.9342380952380952
Precision,0.5851851851851851
Recall,0.05626780626780627
F1 Score,0.10266406757634827
KS Statistic,0.3092563805974706
